{"stat.pickup.minecraft.rotten_flesh":2,"stat.walkOneCm":21619,"stat.craftItem.minecraft.planks":16,"stat.leaveGame":1,"stat.mineBlock.minecraft.log2":1,"stat.damageTaken":530,"stat.craftItem.minecraft.crafting_table":1,"stat.mobKills":1,"stat.mineBlock.minecraft.log":4,"stat.pickup.minecraft.log2":1,"stat.pickup.minecraft.log":5,"stat.flyOneCm":681,"stat.deaths":2,"stat.mineBlock.minecraft.leaves":5,"stat.jump":22,"stat.playOneMinute":7326,"stat.entityKilledBy.Zombie":2,"stat.fallOneCm":269,"stat.damageDealt":213,"stat.killEntity.Zombie":1,"stat.timeSinceDeath":1756,"stat.useItem.minecraft.stone_slab2":1,"stat.craftItem.minecraft.wooden_pickaxe":1,"stat.mineBlock.minecraft.tallgrass":1,"stat.craftItem.minecraft.stick":4,"stat.craftingTableInteraction":1}